{"v":"5.7.1","fr":60,"ip":0,"op":60,"w":200,"h":1000,"nm":"Menu Animation","ddd":0,"assets":[],"layers":[{"ddd":0,"ind":1,"ty":4,"nm":"Layer 1/menu-animation Outlines","sr":1,"ks":{"o":{"a":0,"k":100,"ix":11},"r":{"a":0,"k":0,"ix":10},"p":{"a":0,"k":[100.25,500.25,0],"ix":2},"a":{"a":0,"k":[100.5,500.5,0],"ix":1},"s":{"a":0,"k":[100,100,100],"ix":6}},"ao":0,"shapes":[{"ty":"gr","it":[{"ind":0,"ty":"sh","ix":1,"ks":{"a":1,"k":[{"i":{"x":0.833,"y":0.833},"o":{"x":0.167,"y":0.167},"t":0,"s":[{"i":[[0,0],[0,0],[0,300],[0,0],[0,0]],"o":[[0,0],[0,0],[0,-300],[0,0],[0,0]],"v":[[100,500],[0,500],[0,-0.5],[0,-500],[100,-500]],"c":true}]},{"i":{"x":0.833,"y":0.833},"o":{"x":0.167,"y":0.167},"t":15,"s":[{"i":[[0,0],[0,0],[0,300],[0,0],[0,0]],"o":[[0,0],[0,0],[0,-300],[0,0],[0,0]],"v":[[100,500],[0,500],[-100,0],[0,-500],[100,-500]],"c":true}]},{"i":{"x":0.833,"y":0.833},"o":{"x":0.167,"y":0.167},"t":30,"s":[{"i":[[0,0],[0,0],[0,300],[0,0],[0,0]],"o":[[0,0],[0,0],[0,-300],[0,0],[0,0]],"v":[[100,500],[0,500],[0,-0.5],[0,-500],[100,-500]],"c":true}]},{"i":{"x":0.833,"y":0.833},"o":{"x":0.167,"y":0.167},"t":45,"s":[{"i":[[0,0],[0,0],[0,300],[0,0],[0,0]],"o":[[0,0],[0,0],[0,-300],[0,0],[0,0]],"v":[[100,500],[0,500],[100,-1.5],[0,-500],[100,-500]],"c":true}]},{"t":59,"s":[{"i":[[0,0],[0,0],[0,300],[0,0],[0,0]],"o":[[0,0],[0,0],[0,-300],[0,0],[0,0]],"v":[[100,500],[0,500],[0,-0.5],[0,-500],[100,-500]],"c":true}]}],"ix":2},"nm":"Path 1","mn":"ADBE Vector Shape - Group","hd":false},{"ty":"fl","c":{"a":0,"k":[0.090000002992,0.090000002992,0.090000002992,1],"ix":4},"o":{"a":0,"k":100,"ix":5},"r":1,"bm":0,"nm":"Fill 1","mn":"ADBE Vector Graphic - Fill","hd":false},{"ty":"tr","p":{"a":0,"k":[100.25,500.25],"ix":2},"a":{"a":0,"k":[0,0],"ix":1},"s":{"a":0,"k":[100,100],"ix":3},"r":{"a":0,"k":0,"ix":6},"o":{"a":0,"k":100,"ix":7},"sk":{"a":0,"k":0,"ix":4},"sa":{"a":0,"k":0,"ix":5},"nm":"Transform"}],"nm":"Group 1","np":2,"cix":2,"bm":0,"ix":1,"mn":"ADBE Vector Group","hd":false}],"ip":0,"op":61,"st":0,"bm":0}],"markers":[]}